team,rating
Netherlands,1730.2225522299534
USA,1653.3193291617679
Argentina,1781.5582487132388
Australia,1525.5218629588423
Japan,1591.7630276114112
Croatia,1675.9465928128436
Brazil,1834.4473925543036
Korea,1538.1938665165035
France,1763.7526130119625
Poland,1559.5773711920438
England,1778.887686129306
Senegal,1603.244886641831
Morocco,1638.586088633321
Spain,1703.192441549635
Portugal,1687.7939516084325
Switzerland,1658.1013621389266
